Name,Address,Phone,Distance
ORTHOPAEDIC INST FOR CHILDREN,"403 W ADAMS BLVDLOS ANGELES, CA 90007",(213) 742-1128,0.0 mi
CVS PHARMACY,"3335 S FIGUEROA ST STE QLOS ANGELES, CA 90007",(213) 742-6765,0.0 mi
CVS PHARMACY,"1919 S HOOVER STLOS ANGELES, CA 90007",(213) 741-6099,0.0 mi
MEKAGREEN PHARMACY,"1373 W 29TH ST STE ALOS ANGELES, CA 90007",(323) 643-4240,0.0 mi
USC PHARMACY,"3601 TROUSDALE PKWYLOS ANGELES, CA 90089",(213) 740-2738,0.36 mi
USC HEALTH CENTER PHARMACY,"1150 W JEFFERSON BLVD STE 150LOS ANGELES, CA 90089",(213) 821-6100,0.36 mi
CVS PHARMACY,"3131 S HOOVER ST UNIT 9ALOS ANGELES, CA 90089",(213) 763-0588,0.36 mi
CALIFORNIA FAMILY PHARMACY,"1600 S HILL ST STE BLOS ANGELES, CA 90015",(213) 746-3777,1.40 mi
ESSENTIAL MEDICAL,"1414 S GRAND AVE STE 100LOS ANGELES, CA 90015",(213) 481-2200,1.40 mi
CVS PHARMACY,"1026 S BROADWAY SPC ALOS ANGELES, CA 90015",(213) 419-9555,1.40 mi
CAL MED PHARMACY,"1414 S GRAND AVE STE 101LOS ANGELES, CA 90015",(213) 746-4677,1.40 mi
SOUTH PARK PHARMACY,"1120 S GRAND AVE STE 103LOS ANGELES, CA 90015",(213) 745-5000,1.40 mi
GRAND AVE PHARMACY,"1400 S GRAND AVE STE 100LOS ANGELES, CA 90015",(213) 746-4114,1.40 mi
GRAND SPECIALTY PHARMACY,"1513 S GRAND AVE SUITE 100LOS ANGELES, CA 90015",(213) 747-3200,1.40 mi
EISNER PEDIATRIC & FAMILY CTR,"1500 S OLIVE STLOS ANGELES, CA 90015",(213) 342-3333,1.40 mi
RALPHS PHARMACY,"645 W 9TH STLOS ANGELES, CA 90015",(213) 452-0830,1.40 mi
AHF PHARMACY-DOWNTOWN,"1400 S GRAND AVE STE 801LOS ANGELES, CA 90015",(213) 741-5271,1.40 mi
PICO UNION PHARMACY,"1273 S UNION AVELOS ANGELES, CA 90015",(213) 380-3124,1.40 mi
RITE AID PHARMACY,"446 E WASHINGTON BLVDLOS ANGELES, CA 90015",(213) 747-9581,1.40 mi
JAYS DRUG,"3154 W OLYMPIC BLVDLOS ANGELES, CA 90006",(323) 731-4696,1.54 mi
PICO SQUARE PHARMACY,"2334 W PICO BLVDLOS ANGELES, CA 90006",(213) 385-0076,1.54 mi
SAMSUNG CARE PHARMACY,"2717 W OLYMPIC BLVD STE 105LOS ANGELES, CA 90006",(213) 263-2039,1.54 mi
MARIPOSA PHARMACY,"2970 W OLYMPIC BLVD # 104LOS ANGELES, CA 90006",(213) 365-5067,1.54 mi
CVS PHARMACY,"1701 S WESTERN AVELOS ANGELES, CA 90006",(323) 731-9247,1.54 mi
VENICE PHARMACY INC.,"1514 S VERMONT AVE STE I-2LOS ANGELES, CA 90006",(213) 381-6087,1.54 mi
EDEN PHARMACY,"2681 W OLYMPIC BLVD STE 102LOS ANGELES, CA 90006",(213) 381-7705,1.54 mi
KT PLAZA PHARMACY,"928 S WESTERN AVE #110LOS ANGELES, CA 90006",(213) 382-0212,1.54 mi
SILOAM PHARMACY,"2528 W OLYMPIC BLVD STE 102LOS ANGELES, CA 90006",(213) 382-0700,1.54 mi
VERMONT VO PHARMACY,"2655 W OLYMPIC BLVDLOS ANGELES, CA 90006",(213) 480-1503,1.54 mi
SMITH PHARMACY,"1732 S WESTERN AVELOS ANGELES, CA 90006",(323) 733-9390,1.54 mi
YEH'S PHARMACY II,"966 S WESTERN AVE STE 103LOS ANGELES, CA 90006",(323) 733-7788,1.54 mi
SERV U PHARMACY,"2034 W PICO BLVDLOS ANGELES, CA 90006",(213) 385-5225,1.54 mi
RITE AID PHARMACY,"1815 S VERMONT AVELOS ANGELES, CA 90006",(323) 735-0774,1.54 mi
NORMANDY PHARMACY,"3003 W OLYMPIC BLVD STE 101LOS ANGELES, CA 90006",(213) 386-3001,1.54 mi
LEE'S DISCOUNT DRUG,"2732 W OLYMPIC BLVDLOS ANGELES, CA 90006",(213) 382-6391,1.54 mi
HARVARD PHARMACY,"3130 W OLYMPIC BLVD STE 150LOS ANGELES, CA 90006",(323) 732-1911,1.54 mi
KORYO PHARMACY,"2727 W OLYMPIC BLVD STE 103LOS ANGELES, CA 90006",(213) 738-6970,1.54 mi
LOS ANGELES DRUGS,"3030 W OLYMPIC BLVD STE 118LOS ANGELES, CA 90006",(213) 387-3030,1.54 mi
GALLERIA PHARMACY,"3250 W OLYMPIC BLVD STE 101LOS ANGELES, CA 90006",(323) 733-7200,1.54 mi
VERNBRO PHARMACY,"231 W VERNON AVELOS ANGELES, CA 90037",(323) 232-1111,1.71 mi
VERNON MAIN PHARMACY,"4401 S MAIN STLOS ANGELES, CA 90037",(323) 231-9307,1.71 mi
GOLDEN CARE PHARMACY,"4128 S BROADWAY STLOS ANGELES, CA 90037",(323) 234-9956,1.71 mi
ST JOHNS WELL CHLD & FMLY CNTR PHCY,"808 W 58TH ST STE 123LOS ANGELES, CA 90037",(213) 226-7396,1.71 mi
RITE AID PHARMACY,"4322 S FIGUEROA STLOS ANGELES, CA 90037",(323) 235-3535,1.71 mi
QUALICARE PHARMACY SERVICES,"3779-3779 1/2 S WESTERN AVELOS ANGELES, CA 90018",(323) 731-4004,1.78 mi
RITE AID PHARMACY,"1744 W 6TH STLOS ANGELES, CA 90017",(213) 413-2458,2.03 mi
ARTHRITIS AND PAIN MEDICAL CENTER,"1127 WILSHIRE BLVD STE 1112LOS ANGELES, CA 90017",(213) 266-8200,2.03 mi
GOOD SAMARITAN TOTAL CARE PHCY,"1245 WILSHIRE BLVD SUITE 201LOS ANGELES, CA 90017",(213) 977-4111,2.03 mi
WALGREENS,"617 W 7TH STLOS ANGELES, CA 90017",(213) 694-2880,2.03 mi
CVS PHARMACY,"812 S GRAND AVELOS ANGELES, CA 90017",(213) 627-7925,2.03 mi
CVS PHARMACY,"735 S FIGUEROA STLOS ANGELES, CA 90017",(213) 330-4544,2.03 mi
SAMARITAN MEDICAL TOWER PHCY,"1127 WILSHIRE BLVD, SUITE 201LOS ANGELES, CA 90017",(213) 482-0644,2.03 mi
LA HEMATOLOGY ONCOLOGY MED GROUP,"1245 WILSHIRE BLVD #303LOS ANGELES, CA 90017",(323) 254-0046,2.03 mi
TOTAL REMEDY & PRESCRIPTION CENTER,"1234 WILSHIRE BLVD STE 106LOS ANGELES, CA 90017",(213) 481-1130,2.03 mi
SAMARITAN MEDICAL TOWER PHCY,"1127 WILSHIRE BLVD STE 201LOS ANGELES, CA 90017",(213) 482-0644,2.03 mi
VERNON CENTRAL BOTICA PHARMACY,"4375 S CENTRAL AVELOS ANGELES, CA 90011",(323) 231-8992,2.07 mi
CVS PHARMACY,"1025 E ADAMS BLVDLOS ANGELES, CA 90011",(213) 742-6849,2.07 mi
OLIVE BRANCH PHARMACY,"2811 S SAN PEDRO STLOS ANGELES, CA 90011",(323) 432-2131,2.07 mi
OLIVE BRANCH PHARMACY,"2070 S CENTRAL AVELOS ANGELES, CA 90011",(213) 536-4888,2.07 mi
PRIME PHARMACY SERVICES INC,"4211 AVALON BLVD STE 2LOS ANGELES, CA 90011",(323) 802-0306,2.07 mi
CVS PHARMACY,"4030 S WESTERN AVELOS ANGELES, CA 90062",(323) 292-7009,2.09 mi
NOFEL PHARMACY,"215 E 7TH ST #ALOS ANGELES, CA 90014",(213) 623-9171,2.11 mi
LAC PMQ PHARMACY LA,"325 E 7TH ST RM 101LOS ANGELES, CA 90014",(213) 425-3131,2.11 mi
CVS PHARMACY,"210 W 7TH STLOS ANGELES, CA 90014",(213) 327-0062,2.11 mi
MARTIN PHARMACY,"801 S VERMONT AVE STE 104LOS ANGELES, CA 90005",(213) 382-9718,2.18 mi
CVS PHARMACY,"620 S VIRGIL AVE STE 100LOS ANGELES, CA 90005",(213) 637-0215,2.18 mi
RALPHS PHARMACY,"670 S WESTERN AVELOS ANGELES, CA 90005",(213) 383-6207,2.18 mi
KEY DRUG,"770 S VERMONT AVELOS ANGELES, CA 90005",(213) 383-2211,2.18 mi
UPTOWN DRUG COMPANY,"444 S FLOWER STLOS ANGELES, CA 90071",(213) 612-4300,2.30 mi
2010 PHARMACY,"2200 W 3RD ST STE 390LOS ANGELES, CA 90057",(213) 483-5910,2.32 mi
ALTAMED HEALTH SERV PHCY WESTLAKE,"2100 W 3RD STREET SUITE 190LOS ANGELES, CA 90057",(323) 914-9800,2.32 mi
MOTHERS PHARMACY AND NUTRITION,"2120 W 8TH STREET SUITE 103LOS ANGELES, CA 90057",(213) 263-2143,2.32 mi
CLINICA MSR OSCAR ROMERO,"123 S ALVARADO STLOS ANGELES, CA 90057",(213) 201-2749,2.32 mi
AALPHA PHARMACY,"174 S ALVARADO STLOS ANGELES, CA 90057",(213) 483-8741,2.32 mi
CCRX,"1919 W 7TH STE STE MLOS ANGELES, CA 90057",(213) 674-7577,2.32 mi
ECHO RX PHARMACY,"2426 W 8TH STREET SUITE 112LOS ANGELES, CA 90057",(213) 378-0122,2.32 mi
T AND T PHARMACY 2,"2015 WILSHIRE BLVDLOS ANGELES, CA 90057",(213) 315-5383,2.32 mi
BEVERLY PHARMACY,"2105 BEVERLY BLVD STE 107LOS ANGELES, CA 90057",(213) 413-4448,2.32 mi
NOUBARS EL ADOBE PHARMACY,"2010 WILSHIRE BLVD STE 2010FLOS ANGELES, CA 90057",(213) 413-3999,2.32 mi
WESTLAKE PHARMACY,"529 S ALVARADO STLOS ANGELES, CA 90057",(213) 383-4262,2.32 mi
ALVARADO DRUGS,"819 S ALVARADO STLOS ANGELES, CA 90057",(213) 388-9518,2.32 mi
HAH INC,"2035 W 7TH STLOS ANGELES, CA 90057",(213) 483-4330,2.32 mi
EXPRESS RX INC,"2503 BEVERLY BLVD FL 1LOS ANGELES, CA 90057",(213) 353-0552,2.32 mi
CVS PHARMACY,"3751 WILSHIRE BLVDLOS ANGELES, CA 90010",(213) 385-5030,2.45 mi
WILSHIRE GRAND PHARMACY,"2974 WILSHIRE BLVDLOS ANGELES, CA 90010",(213) 480-1300,2.45 mi
MINI PHARMACY,"2425 PORTER STLOS ANGELES, CA 90021",(888) 545-6464,2.47 mi
RITE AID PHARMACY,"500 SOUTH BROADWAYLOS ANGELES, CA 90013",(213) 623-5820,2.57 mi
KYOTO PHARMACY,"420 E 3RD ST STE 106LOS ANGELES, CA 90013",(213) 253-5999,2.57 mi
PMQ PHARMACY 1,"522 S SAN PEDRO ST # 141LOS ANGELES, CA 90013",(213) 486-4071,2.57 mi
ZION DRUG,"3900 W 3RD STLOS ANGELES, CA 90020",(213) 382-6485,2.73 mi
J PHARMACY,"356 S WESTERN AVE STE 104-105LOS ANGELES, CA 90020",(213) 908-6424,2.73 mi
HANMI PHARMACY INC.,"325 1/2 S WESTERN AVELOS ANGELES, CA 90020",(626) 422-1271,2.73 mi
GRAND PHARMACY INC,"505 S VIRGIL AVE STE 107LOS ANGELES, CA 90020",(213) 380-5100,2.73 mi
MOTHER'S CARE,"3500 W 6TH ST STE 120LOS ANGELES, CA 90020",(213) 739-3030,2.73 mi
SERRANO MEDICAL PHARMACY,"4220 W 3RD ST STE 100LOS ANGELES, CA 90020",(213) 384-3405,2.73 mi
VIRGIL PHARMACY,"2999 W 6TH ST STE 103LOS ANGELES, CA 90020",(213) 384-1200,2.73 mi
"VERMONT GALLERIA PHARMACY,INC.","440 S VERMONT AVE # 109LOS ANGELES, CA 90020",(213) 388-4100,2.73 mi
KINGSLEY PHARMACY,"3663 W 6TH ST STE 102LOS ANGELES, CA 90020",(213) 383-8877,2.73 mi
SHYN'S PHARMACY,"520 S VIRGIL AVE STE 102LOS ANGELES, CA 90020",(213) 487-7535,2.73 mi
VONS PHARMACY,"3461 W 3RD STLOS ANGELES, CA 90020",(213) 382-5971,2.73 mi
RITE AID PHARMACY,"334 S VERMONT AVELOS ANGELES, CA 90020",(213) 381-5257,2.73 mi
HYUNDAI DRUGS,"461 S WESTERN AVELOS ANGELES, CA 90020",(213) 480-3322,2.73 mi
RALPHS,"3410 W 3RD STLOS ANGELES, CA 90020",(213) 480-3112,2.73 mi
WALGREENS,"3201 W 6TH STLOS ANGELES, CA 90020",(213) 251-0179,2.73 mi
TAI ON PHARMACY,"818 N HILL ST STE ALOS ANGELES, CA 90012",(213) 625-3333,3.23 mi
PING ON MEDICAL PHARMACY,"650 N BROADWAY STE BLOS ANGELES, CA 90012",(213) 617-3322,3.23 mi
OLIVE HILL PHARMACY INC,"255 S HILL ST # 217LOS ANGELES, CA 90012",(213) 680-2000,3.23 mi
CHINATOWN PHARMACY,"709 N HILL ST #21LOS ANGELES, CA 90012",(213) 687-9999,3.23 mi
CVS PHARMACY,"555 N BROADWAY # B101LOS ANGELES, CA 90012",(323) 275-0972,3.23 mi
CVS PHARMACY,"1050 W SUNSET BLVDLOS ANGELES, CA 90012",(213) 975-1200,3.23 mi
CVS PHARMACY,"201 N LOS ANGELES STLOS ANGELES, CA 90012",(213) 620-1491,3.23 mi
LITTLE TOKYO PHARMACY,"402 E 2ND STLOS ANGELES, CA 90012",(213) 680-4011,3.23 mi
BIG ONE PHARMACY,"656 N BROADWAYLOS ANGELES, CA 90012",(213) 617-7888,3.23 mi
LA VA CBOC METHADONE PHCY,"351 E TEMPLE STLOS ANGELES, CA 90012",(213) 253-2677,3.23 mi
PING ON PHARMACY,"640 N BROADWAY STE 3LOS ANGELES, CA 90012",(213) 617-3333,3.23 mi
COLUMBUS PHARMACY,"861 N BROADWAYLOS ANGELES, CA 90012",(213) 622-2777,3.23 mi
LOS ANGELES VA CBOC PHARMACY,"351 EAST TEMPLE STREETLOS ANGELES, CA 90012",(213) 253-2677,3.23 mi
RITE AID PHARMACY,"959 CRENSHAW BLVDLOS ANGELES, CA 90019",(323) 939-7911,3.31 mi
CVS PHARMACY,"1302 S LA BREA AVE STE ALOS ANGELES, CA 90019",(323) 761-6468,3.31 mi
THE PHARMACY DEPOT,"4948 W PICO BL, STE BLOS ANGELES, CA 90019",(323) 965-9885,3.31 mi
CVS PHARMACY,"4707 VENICE BLVDLOS ANGELES, CA 90019",(323) 938-9001,3.31 mi
BOKJEE PHARMACY,"903 S CRENSHAW BLVD 102BLOS ANGELES, CA 90019",(323) 932-0202,3.31 mi
WILTON PHARMACY,"3511 W OLYMPIC BLVD STE 102LOS ANGELES, CA 90019",(323) 731-0600,3.31 mi
ETHICAL DRUGS,"254 N WESTERN AVELOS ANGELES, CA 90004",(323) 467-2101,3.38 mi
CLOVER CARE PHARMACY,"266 S HARVARD BLVD STE 140LOS ANGELES, CA 90004",(213) 384-8763,3.38 mi
ZENITH PHARMACY,"3919 BEVERLY BLVD STE 101LOS ANGELES, CA 90004",(323) 665-8959,3.38 mi
WOORI PHARMACY INC,"266 S HARVARD BLVD STE 120LOS ANGELES, CA 90004",(213) 384-6323,3.38 mi
HK PHARMACY,"124 N WESTERN AVELOS ANGELES, CA 90004",(323) 464-3925,3.38 mi
RITE AID PHARMACY,"226 N LARCHMONT BLVDLOS ANGELES, CA 90004",(323) 467-1366,3.38 mi
CALIFORNIA MEDICAL PHARMACY,"2201 W TEMPLE STLOS ANGELES, CA 90026",(213) 413-2343,3.50 mi
ECHO PARK PHARMACY,"1634 W SUNSET BLVDLOS ANGELES, CA 90026",(213) 341-1411,3.50 mi
WALGREENS,"1625 W SUNSET BLVDLOS ANGELES, CA 90026",(213) 482-9286,3.50 mi
BEYOND THE PHARMACY,"3730 W SUNSET BLVDLOS ANGELES, CA 90026",(323) 660-3667,3.50 mi
RITE AID PHARMACY,"1433 GLENDALE BLVDLOS ANGELES, CA 90026",(213) 483-3468,3.50 mi
10TH AVE PHARMACY,"2706 W MARTIN LUTHER KING BLVDLOS ANGELES, CA 90008",(323) 298-7693,3.53 mi
STOCKER RX PHARMACY,"3750 SANTA ROSALIA DR UNIT #1LOS ANGELES, CA 90008",(323) 295-3194,3.53 mi
GARFIELD PRESCRIPTION PHARMACY,"3756 SANTA ROSALIA DRLOS ANGELES, CA 90008",(323) 295-5585,3.53 mi
SAV-ON PHARMACY,"3901 CRENSHAW BLVDLOS ANGELES, CA 90008",(323) 295-3330,3.53 mi
CVS PHARMACY,"3535 S LA CIENEGA BLVDLOS ANGELES, CA 90016",(310) 895-1132,3.80 mi
WALGREENS,"3745 S LA BREA AVE STE CLOS ANGELES, CA 90016",(323) 801-0261,3.80 mi
CRENSHAW PHARMACY,"3631 CRENSHAW BLVD STE 111LOS ANGELES, CA 90016",(323) 732-5555,3.80 mi
WALGREENS,"3724 CRENSHAW BLVDLOS ANGELES, CA 90016",(323) 292-7261,3.80 mi
CVS PHARMACY,"5101 OBAMA BLVDLOS ANGELES, CA 90016",(323) 936-0279,3.80 mi
CVS PHARMACY,"3741 CRENSHAW BLVDLOS ANGELES, CA 90016",(323) 298-5595,3.80 mi
PARK MESA PHARMACY,"4314 W SLAUSON AVE SUITE 1LOS ANGELES, CA 90043",(323) 378-3323,4.10 mi
CVS PHARMACY,"4501 W SLAUSON AVELOS ANGELES, CA 90043",(323) 292-4114,4.10 mi
RITE AID PHARMACY,"3230 W SLAUSON AVELOS ANGELES, CA 90043",(323) 295-9661,4.10 mi
RITE AID PHARMACY,"1534 E FLORENCE AVELOS ANGELES, CA 90001",(323) 587-6336,4.20 mi
WALGREENS,"1500 E GAGE AVELOS ANGELES, CA 90001",(323) 581-0964,4.20 mi
BRAVO PHARMACY,"7316 COMPTON AVE.LOS ANGELES, CA 90001",(323) 586-9828,4.20 mi
CVS PHARMACY,"5837 S CENTRAL AVELOS ANGELES, CA 90001",(323) 233-2493,4.20 mi
FLORENCE PHCY & MEDICAL SUPPLY,"1422 E FLORENCE AVELOS ANGELES, CA 90001",(323) 277-9500,4.20 mi
RITE AID PHARMACY,"4633 SANTA MONICA BLVDLOS ANGELES, CA 90029",(323) 666-6125,4.28 mi
UMC PHARMACY INC,"1201 1/2 N VERMONT AVELOS ANGELES, CA 90029",(323) 661-2223,4.28 mi
PMQ VERMONT PHARMACY,"954 N VERMONT AVE # 132LOS ANGELES, CA 90029",(323) 454-4866,4.28 mi
QUEENSCARE HEALTH CENTER PHARMACY,"4618 FOUNTAIN AVELOS ANGELES, CA 90029",(323) 635-1152,4.28 mi
ALEXANDER PHARMACY,"1084 N WESTERN AVELOS ANGELES, CA 90029",(323) 467-1084,4.28 mi
ELITE CARE PHARMACY,"5101 SANTA MONICA BLVD #6LOS ANGELES, CA 90029",(323) 426-9990,4.28 mi
SMITH PHARMACY INC,"1107 N WESTERN AVELOS ANGELES, CA 90029",(323) 461-8331,4.28 mi
"HYE PHARMACY, INC.","5236 SANTA MONICA BLVDLOS ANGELES, CA 90029",(323) 661-7152,4.28 mi
WESTERN MEDICAL PHARMACY,"1110 N WESTERN AVE STE 101LOS ANGELES, CA 90029",(323) 465-3112,4.28 mi
ST. LOUIS DRUG COMPANY,"2100 E 1ST STLOS ANGELES, CA 90033",(323) 268-6819,4.47 mi
COL PHARMACY,"305 N SOTO ST SUITE ALOS ANGELES, CA 90033",(323) 673-9543,4.47 mi
WALGREENS,"305 N BREED STLOS ANGELES, CA 90033",(323) 264-0347,4.47 mi
WALGREENS,"1902 MARENGO ST STE 105LOS ANGELES, CA 90033",(323) 405-0417,4.47 mi
PACIFIC DRUGS,"1047 N STATE STLOS ANGELES, CA 90033",(323) 226-0237,4.47 mi
LA CHRISTIAN HEALTH CENTERS,"1625 E 4TH STLOS ANGELES, CA 90033",(323) 859-2823,4.47 mi
WHITE MEMORIAL MED PLAZA PHCY,"1701 E CESAR E CHAVEZ AVE 109LOS ANGELES, CA 90033",(323) 221-6000,4.47 mi
RAMIREZ PHARMACY,"2403 E CESAR E CHAVEZ AVELOS ANGELES, CA 90033",(323) 269-7329,4.47 mi
BOTICA DEL SOL,"2331 E CESAR E CHAVEZ AVELOS ANGELES, CA 90033",(323) 260-7531,4.47 mi
BOYLE HEIGHTS MEDICAL PHARMACY,"1611 E CESAR CHAVEZ AVELOS ANGELES, CA 90033",(323) 222-0736,4.47 mi
USC MEDICAL PLAZA PHARMACY,"1510 SAN PABLO ST STE 144LOS ANGELES, CA 90033",(323) 442-5770,4.47 mi
OLYMPIA PLAZA PHARMACY,"5901 W OLYMPIC BLVD STE 103LOS ANGELES, CA 90036",(323) 937-2590,4.55 mi
CVS PHARMACY,"303 S LA BREA AVELOS ANGELES, CA 90036",(323) 634-0743,4.55 mi
SYD'S PHARMACY,"7111 BEVERLY BLVDLOS ANGELES, CA 90036",(323) 933-8571,4.55 mi
CVS PHARMACY,"415 S LA BREA AVELOS ANGELES, CA 90036",(323) 761-6401,4.55 mi
CVS PHARMACY,"6360 W 3RD STLOS ANGELES, CA 90036",(323) 937-3019,4.55 mi
FAIRFAX DISCOUNT PHARMACY,"7771 BEVERLY BLVDLOS ANGELES, CA 90036",(323) 937-1111,4.55 mi
RITE AID PHARMACY,"5575 WILSHIRE BLVDLOS ANGELES, CA 90036",(323) 954-7193,4.55 mi
WALGREENS,"5467 WILSHIRE BLVDLOS ANGELES, CA 90036",(323) 525-0646,4.55 mi
RALPHS,"5601 WILSHIRE BLVDLOS ANGELES, CA 90036",(323) 936-0050,4.55 mi
SUNSHINE PHARMACY,"357 N FAIRFAX AVELOS ANGELES, CA 90036",(323) 653-8692,4.55 mi
RALPHS,"260 S LA BREA AVELOS ANGELES, CA 90036",(323) 937-9383,4.55 mi
PAVILIONS PHARMACY,"727 VINE STLOS ANGELES, CA 90038",(323) 466-7158,4.64 mi
JANA HEALTHCARE PHARMACY,"5233 MELROSE AVELOS ANGELES, CA 90038",(323) 836-0007,4.64 mi
CVS PHARMACY,"861 VINE STHOLLYWOOD, CA 90038",(323) 466-7300,4.64 mi
VINE DISCOUNT PHCY & MED SUPPLY INC,"1253 VINE ST STE 11LOS ANGELES, CA 90038",(323) 957-9446,4.64 mi
WALGREENS,"1050 N HIGHLAND AVELOS ANGELES, CA 90038",(323) 463-1692,4.64 mi
SABAN COMMUNITY CLINIC PHARMACY,"5205 MELROSE AVELOS ANGELES, CA 90038",(323) 337-1815,4.64 mi
RITE AID PHARMACY,"1130 N LA BREA AVEWEST HOLLYWOOD, CA 90038",(323) 463-8539,4.64 mi
RALPHS,"1233 N LA BREA AVEWEST HOLLYWOOD, CA 90038",(323) 876-5651,4.64 mi
KING PHARMACY,"2707 WHITTIER BLVDLOS ANGELES, CA 90023",(323) 262-8845,4.79 mi
MY PHARMACIST ON CALL,"3426 WHITTIER BLVDLOS ANGELES, CA 90023",(323) 263-8617,4.79 mi
ALTAMED HEALTH SERVICES CORP,"3945 WHITTIER BLVD ROOM 100LOS ANGELES, CA 90023",(899) 499-9303,4.79 mi
CVS PHARMACY,"3644 E OLYMPIC BLVDLOS ANGELES, CA 90023",(323) 264-0496,4.79 mi
MOLINAS PHARMACY,"3746 WHITTIER BLVDLOS ANGELES, CA 90023",(323) 261-3504,4.79 mi
LORENA PHARMACY,"3400 WHITTIER BLVDLOS ANGELES, CA 90023",(323) 268-3384,4.79 mi
MORNINGSIDE MEDICAL PHARMACY INC,"1704 W MANCHESTER AVE 100LOS ANGELES, CA 90047",(323) 753-1333,5.07 mi
WALGREENS,"1800 W SLAUSON AVELOS ANGELES, CA 90047",(323) 292-1941,5.07 mi
THE MEDICINE CABINET,"7119 RITA AVE STE BHUNTINGTON PARK, CA 90255",(323) 581-9106,5.15 mi
SLAUSON COMMUNITY PHARMACY,"2701 E SLAUSON AVEHUNTINGTON PARK, CA 90255",(323) 588-6000,5.15 mi
ALTAMED PHARMACY HUNTINGTON PARK,"1900 E SLAUSON AVE RM 100HUNTINGTON PARK, CA 90255",(888) 499-9303,5.15 mi
CVS PHARMACY,"3208 E FLORENCE AVEHUNTINGTON PARK, CA 90255",(323) 589-1916,5.15 mi
WALGREENS,"6100 PACIFIC BLVDHUNTINGTON PARK, CA 90255",(323) 826-9775,5.15 mi
B7 PHARMACY,"2675 E SLAUSON AVE SUITE AHUNTINGTON PARK, CA 90255",(323) 487-7007,5.15 mi
986 PHARMACY,"2670 E GAGE AVE STE 10AHUNTINGTON PARK, CA 90255",(323) 749-6500,5.15 mi
HEALTHY FAMILY PHARMACY,"7932 SEVILLE AVEHUNTINGTON PARK, CA 90255",(323) 582-5286,5.15 mi
"ST. LUKE PHARMACY, INC.","7024 SEVILLE AVE STE EHUNTINGTON PARK, CA 90255",(323) 587-1200,5.15 mi
CVS PHARMACY,"7300 S ALAMEDA STWALNUT PARK, CA 90255",(323) 583-0638,5.15 mi
CVS PHARMACY,"5960 PACIFIC BLVDHUNTINGTON PARK, CA 90255",(323) 589-6703,5.15 mi
COURTESY DRUG,"3180 E FLORENCE AVEHUNTINGTON PARK, CA 90255",(323) 583-4307,5.15 mi
CAMERON PHARMACY,"7119 SEVILLE AVE STE DHUNTINGTON PARK, CA 90255",(323) 582-5171,5.15 mi
SAN MARTIN PHARMACY,"2699 E FLORENCE AVEHUNTINGTON PARK, CA 90255",(323) 582-6078,5.15 mi
MANCHESTER PROFESSIONAL PHARMACY,"600 W MANCHESTER AVELOS ANGELES, CA 90044",(323) 750-3523,5.19 mi
CVS PHARMACY,"5822 S VERMONT AVELOS ANGELES, CA 90044",(323) 750-5222,5.19 mi
RITE AID PHARMACY,"111 E AVENUE STE 26LOS ANGELES, CA 90031",(323) 222-8876,5.24 mi
LOVVIT PHARMACY,"3532 N BROADWAYLOS ANGELES, CA 90031",(323) 987-0315,5.24 mi
CVS PHARMACY,"2419 WORKMAN STLOS ANGELES, CA 90031",(323) 223-9059,5.24 mi
GATEWAY CIRCLE PHARMACY,"3133 N BROADWAYLOS ANGELES, CA 90031",(323) 223-3228,5.24 mi
UPTIMUM MEDICAL PHARMACY,"2220 MANCHESTER BLVDINGLEWOOD, CA 90305",(310) 644-8400,5.45 mi
RITE AID PHARMACY,"6130 W SUNSET BLVDLOS ANGELES, CA 90028",(323) 467-4201,5.50 mi
WALGREENS,"1501 VINE STLOS ANGELES, CA 90028",(323) 467-7916,5.50 mi
CVS PHARMACY,"5500 W SUNSET BLVDLOS ANGELES, CA 90028",(323) 762-1704,5.50 mi
CVS PHARMACY,"6201 HOLLYWOOD BLVD STE 126LOS ANGELES, CA 90028",(323) 467-7954,5.50 mi
WILTON CARE PHARMACY,"5660 HOLLYWOOD BLVDLOS ANGELES, CA 90028",(323) 463-0800,5.50 mi
CVS PHARMACY,"7021 HOLLYWOOD BLVDLOS ANGELES, CA 90028",(323) 836-0307,5.50 mi
CVS PHARMACY,"1747 N CAHUENGA BLVDHOLLYWOOD, CA 90028",(323) 463-7900,5.50 mi
THE JEFFREY GOODMAN SPECIAL CA,"1625 SCHRADER BLVDLOS ANGELES, CA 90028",(323) 993-7513,5.50 mi
TFC PHARMACY,"4914 1/2 W SLAUSON AVELOS ANGELES, CA 90056",(323) 348-4205,5.54 mi
SPECIALIST MEDICAL PHARMACY,"421 E BEACH AVE STE AINGLEWOOD, CA 90302",(310) 674-4432,5.65 mi
MEDRX INFUSION,"415-417 N OAK STINGLEWOOD, CA 90302",(310) 671-2600,5.65 mi
MID-WEST MEDICAL PHARMACY,"8733 BEVERLY BLVDWEST HOLLYWOOD, CA 90048",(310) 657-1635,5.90 mi
SYNERGY HEMA ONCOLOGY MEDICAL,"8737 BEVERLY BLVD STE 203LOS ANGELES, CA 90048",(323) 525-1111,5.90 mi
SABAN COMMUNITY CLINIC PHCY,"8405 BEVERLY BLVDLOS ANGELES, CA 90048",(323) 330-1684,5.90 mi
CEDARMAK PHARMACY,"8737 BEVERLY BLVD STE 102WEST HOLLYWOOD, CA 90048",(424) 303-7860,5.90 mi
BIOMED PHARMACY SOLUTIONS,"8640 W 3RD ST STE 100LOS ANGELES, CA 90048",(310) 299-0808,5.90 mi
SAL PHARMACY,"8614 W. THIRD STREETLOS ANGELES, CA 90048",(310) 860-9809,5.90 mi
CEDARS-SINAI MEDICAL CTR AHSP,"127 S SAN VICENTE BLVD # 2403LOS ANGELES, CA 90048",(310) 423-1400,5.90 mi
CAPSULE PHARMACY,"8065 W 3RD STREETLOS ANGELES, CA 90048",(562) 977-7763,5.90 mi
CENTURY BEVERLY HILLS PHARMACY,"412 S SAN VICENTE BLVDLOS ANGELES, CA 90048",(310) 360-1015,5.90 mi
DNM PHARMACY,"6221 WILSHIRE BLVD STE 100LOS ANGELES, CA 90048",(323) 634-8930,5.90 mi
CEDARS-SINAI MED CTR PHCY,"8723 ALDEN DR #S244LOS ANGELES, CA 90048",(310) 423-5775,5.90 mi
BEVERLY PHARMACY,"7909 BEVERLY BLVDLOS ANGELES, CA 90048",(323) 651-3249,5.90 mi
CVS PHARMACY,"8490 BEVERLY BLVDLOS ANGELES, CA 90048",(323) 653-0217,5.90 mi
WILSHIRE LA JOLLA PHARMACY INC,"6360 WILSHIRE BLVDLOS ANGELES, CA 90048",(323) 658-6611,5.90 mi
EDDIE'S PHARMACY,"8408 BEVERLY BLVDLOS ANGELES, CA 90048",(310) 358-2400,5.90 mi
CEDAR SINAI MED CENTER,"444 S SAN VICENTE BLVD STE 104LOS ANGELES, CA 90048",(310) 423-9550,5.90 mi
SPAULDING PHARMACY,"7722 SANTA MONICA BLVDWEST HOLLYWOOD, CA 90046",(323) 656-3663,6.31 mi
CVS PHARMACY,"8000 W SUNSET BLVDLOS ANGELES, CA 90046",(323) 656-1477,6.31 mi
CVS PHARMACY,"7500 MELROSE AVELOS ANGELES, CA 90046",(323) 782-4209,6.31 mi
AHF PHARMACY WEST HOLLYWOOD,"8212 SANTA MONICA BLVDWEST HOLLYWOOD, CA 90046",(323) 654-0907,6.31 mi
RALPHS PHARMACY,"7257 W SUNSET BLVDLOS ANGELES, CA 90046",(323) 512-0268,6.31 mi
NATIONAL PHARMACY,"7420 SANTA MONICA BLVDWEST HOLLYWOOD, CA 90046",(323) 851-4444,6.31 mi
CVS PHARMACY,"7100 SANTA MONICA BLVD STE 201WEST HOLLYWOOD, CA 90046",(323) 603-0005,6.31 mi
CIENEGA PHARMACY,"7360 SANTA MONICA BLVD #101WEST HOLLYWOOD, CA 90046",(310) 360-9969,6.31 mi
FAIRFAX PHARMACY,"1111 N FAIRFAX AVE STE 110WEST HOLLYWOOD, CA 90046",(323) 656-9622,6.31 mi
SIMON'S DISCOUNT PHARMACY,"7256 W SUNSET BLVDLOS ANGELES, CA 90046",(323) 874-2507,6.31 mi
CURSON PHARMACY,"7559 SANTA MONICA BLVDWEST HOLLYWOOD, CA 90046",(323) 878-2555,6.31 mi
RITE AID PHARMACY,"7900 W SUNSET BLVDLOS ANGELES, CA 90046",(323) 876-4466,6.31 mi
MEDICAL CENTER PHARMACY,"501 E HARDY ST STE 130INGLEWOOD, CA 90301",(310) 671-7636,6.33 mi
ALLIANCE PHARMACY,"323 N PRAIRIE AVE STE 100INGLEWOOD, CA 90301",(310) 419-4479,6.33 mi
CVS PHARMACY,"222 N MARKET STINGLEWOOD, CA 90301",(310) 677-2171,6.33 mi
FREEMAN MEDICAL PHARMACY,"301 N PRAIRIE AVE STE 110INGLEWOOD, CA 90301",(310) 672-7000,6.33 mi
VONS PHARMACY,"500 E MANCHESTER BLVDINGLEWOOD, CA 90301",(310) 677-0501,6.33 mi
CVS PHARMACY,"3471 W CENTURY BLVDINGLEWOOD, CA 90301",(310) 677-5937,6.33 mi
WALGREENS,"230 N LA BREA AVEINGLEWOOD, CA 90301",(310) 671-2471,6.33 mi